<?xml version="1.0" encoding="UTF-8"?>
<!-- Generated by eXe - http://exelearning.net -->
<manifest identifier="eXenewPackage65f96cbc28017573191" xmlns="http://www.imsproject.org/xsd/imscp_rootv1p1p2" xmlns:adlcp="http://www.adlnet.org/xsd/adlcp_rootv1p2" xmlns:imsmd="http://www.imsglobal.org/xsd/imsmd_v1p2" xmlns:xsi="http://www.w3.org/2001/XMLSchema-instance" xsi:schemaLocation="http://www.imsproject.org/xsd/imscp_rootv1p1p2 imscp_rootv1p1p2.xsd http://www.imsglobal.org/xsd/imsmd_rootv1p2p1 imsmd_rootv1p2p1.xsd http://www.adlnet.org/xsd/adlcp_rootv1p2 adlcp_rootv1p2.xsd" > 
<metadata> 
 <schema>ADL SCORM</schema> 
 <schemaversion>1.2</schemaversion> 
 <adlcp:location>imslrm.xml</adlcp:location> 
</metadata> 
<organizations default="eXenewPackage65f96cbc28017573192">  
    <organization identifier="eXenewPackage65f96cbc28017573192" structure="hierarchical">
        <title>Ova Sonda nasogastrica</title>
<item identifier="ITEM-eXenewPackage65f96cbc28017573193" isvisible="true" identifierref="RES-eXenewPackage65f96cbc28017573194">
    <title>SONDA NASOGASTRICA</title>
<item identifier="ITEM-eXenewPackage65f96cbc28017573195" isvisible="true" identifierref="RES-eXenewPackage65f96cbc28017573196">
    <title>ACTIVIDADES EDUCATIVAS</title>
<item identifier="ITEM-eXenewPackage65f96cbc28017573197" isvisible="true" identifierref="RES-eXenewPackage65f96cbc28017573198">
    <title>Actividad N°1</title>
</item>
<item identifier="ITEM-eXenewPackage65f96cbc280175731a9" isvisible="true" identifierref="RES-eXenewPackage65f96cbc280175731aa">
    <title>Actividad N°2</title>
</item>
</item>
</item>
  </organization>
</organizations>
<resources>
  <resource identifier="RES-eXenewPackage65f96cbc28017573194" type="webcontent" adlcp:scormtype="sco" href="index.html"> 
    <file href="index.html"/> 
    <file href="exe_html5.js"/>
    <dependency identifierref="COMMON_FILES"/>
  </resource>
  <resource identifier="RES-eXenewPackage65f96cbc28017573196" type="webcontent" adlcp:scormtype="sco" href="actividades_educativas.html"> 
    <file href="actividades_educativas.html"/> 
    <file href="exe_html5.js"/>
    <dependency identifierref="COMMON_FILES"/>
  </resource>
  <resource identifier="RES-eXenewPackage65f96cbc28017573198" type="webcontent" adlcp:scormtype="sco" href="actividad_n1.html"> 
    <file href="actividad_n1.html"/> 
    <file href="exe_html5.js"/>
    <dependency identifierref="COMMON_FILES"/>
  </resource>
  <resource identifier="RES-eXenewPackage65f96cbc280175731aa" type="webcontent" adlcp:scormtype="sco" href="actividad_n2.html"> 
    <file href="actividad_n2.html"/> 
    <file href="exe_html5.js"/>
    <dependency identifierref="COMMON_FILES"/>
  </resource>
  <resource identifier="COMMON_FILES" type="webcontent" adlcp:scormtype="asset">
    <file href="config.xml"/>
    <file href="content.css"/>
    <file href="icon_agreement.png"/>
    <file href="icon_alert.png"/>
    <file href="icon_arts.png"/>
    <file href="icon_attached.png"/>
    <file href="icon_cabinet.png"/>
    <file href="icon_calc.png"/>
    <file href="icon_collaborative.png"/>
    <file href="icon_competencies.png"/>
    <file href="icon_diary.png"/>
    <file href="icon_download.png"/>
    <file href="icon_english.png"/>
    <file href="icon_experiment.png"/>
    <file href="icon_geography.png"/>
    <file href="icon_history.png"/>
    <file href="icon_info.png"/>
    <file href="icon_java.png"/>
    <file href="icon_letters.png"/>
    <file href="icon_magnifier.png"/>
    <file href="icon_math.png"/>
    <file href="icon_music.png"/>
    <file href="icon_nature.png"/>
    <file href="icon_objective.png"/>
    <file href="icon_picture.png"/>
    <file href="icon_piece.png"/>
    <file href="icon_preknowledge.png"/>
    <file href="icon_question.png"/>
    <file href="icon_reading.png"/>
    <file href="icon_reflection.png"/>
    <file href="icon_rss.png"/>
    <file href="icon_share.png"/>
    <file href="icon_sport.png"/>
    <file href="icon_task.png"/>
    <file href="icon_technology.png"/>
    <file href="icon_theater.png"/>
    <file href="icon_think.png"/>
    <file href="icon_tool.png"/>
    <file href="icon_wikipedia.png"/>
    <file href="icon_write.png"/>
    <file href="nav.css"/>
    <file href="open-sans-bold.woff"/>
    <file href="open-sans-bold.woff2"/>
    <file href="open-sans.woff"/>
    <file href="open-sans.woff2"/>
    <file href="_style_icons.png"/>
    <file href="_style_idevice_header.gif"/>
    <file href="_style_js.js"/>
    <file href="base.css"/>
    <file href="popup_bg.gif"/>
    <file href="exe_powered_logo.png"/>
    <file href="SCORM_API_wrapper.js"/>
    <file href="SCOFunctions.js"/>
    <file href="common.js"/>
    <file href="common_i18n.js"/>
    <file href="exe_jquery.js"/>
    <file href="content.xsd"/>
    <file href="content.data"/>
    <file href="contentv3.xml"/>
    <file href="imslrm.xml"/>
  </resource>
</resources>
</manifest>
